n,c,j,prob_gap_lt_j,scaled_by_sqrt_n,limit
100,0,1,5.800445241200e-02,0.58004452,0.62665707
100,0,2,1.634919744006e-01,1.63491974,1.87997121
100,0,3,2.555410987717e-01,2.55541099,3.13328534
100,1,1,6.271811630463e-02,0.62718116,0.62665707
100,1,2,1.755864842127e-01,1.75586484,1.87997121
100,1,3,2.726742577240e-01,2.72674258,3.13328534
100,2,1,6.807543567395e-02,0.68075436,0.62665707
100,2,2,1.890762488170e-01,1.89076249,1.87997121
100,2,3,2.914467887767e-01,2.91446789,3.13328534
250,0,1,3.772134005734e-02,0.59642675,0.62665707
250,0,2,1.085863259666e-01,1.71690056,1.87997121
250,0,3,1.732836060955e-01,2.73985438,3.13328534
250,1,1,3.964651396680e-02,0.62686643,0.62665707
250,1,2,1.138060673998e-01,1.79943192,1.87997121
250,1,3,1.810994856098e-01,2.86343429,3.13328534
250,2,1,4.173239530030e-02,0.65984711,0.62665707
250,2,2,1.194191027269e-01,1.88818180,1.87997121
250,2,3,1.894414467120e-01,2.99533227,3.13328534
1000,0,1,1.932791358936e-02,0.61120229,0.62665707
1000,0,2,5.675017716421e-02,1.79459817,1.87997121
1000,0,3,9.242355482825e-02,2.92268943,3.13328534
1000,1,1,1.981828969475e-02,0.62670935,0.62665707
1000,1,2,5.814722071901e-02,1.83877657,1.87997121
1000,1,3,9.462584271666e-02,2.99233188,3.13328534
1000,2,1,2.032859123784e-02,0.64284650,0.62665707
1000,2,2,5.959828394619e-02,1.88466322,1.87997121
1000,2,3,9.690877176485e-02,3.06452444,3.13328534
2500,0,1,1.233601997362e-02,0.61680100,0.62665707
2500,0,2,3.650049814166e-02,1.82502491,1.87997121
2500,0,3,5.993081121789e-02,2.99654056,3.13328534
2500,1,1,1.253355927719e-02,0.62667796,0.62665707
2500,1,2,3.707391014559e-02,1.85369551,1.87997121
2500,1,3,6.085292442149e-02,3.04264622,3.13328534
2500,2,1,1.273612772059e-02,0.63680639,0.62665707
2500,2,2,3.766147495002e-02,1.88307375,1.87997121
2500,2,3,6.179703480414e-02,3.08985174,3.13328534
10000,0,1,6.216931937098e-03,0.62169319,0.62665707
10000,0,2,1.852074605025e-02,1.85207461,1.87997121
10000,0,3,3.063305347080e-02,3.06330535,3.13328534
10000,1,1,6.266621521428e-03,0.62666215,0.62665707
10000,1,2,1.866736209006e-02,1.86673621,1.87997121
10000,1,3,3.087302419324e-02,3.08730242,3.13328534
10000,2,1,6.316938675711e-03,0.63169387,0.62665707
10000,2,2,1.881580165190e-02,1.88158017,1.87997121
10000,2,3,3.111592959047e-02,3.11159296,3.13328534
25000,0,1,3.943414355064e-03,0.62350856,0.62665707
25000,0,2,1.177775527793e-02,1.86222662,1.87997121
25000,0,3,1.953427039383e-02,3.08863934,3.13328534
25000,1,1,3.963335580977e-03,0.62665838,0.62665707
25000,1,2,1.183689346053e-02,1.87157719,1.87997121
25000,1,3,1.963170483536e-02,3.10404508,3.13328534
25000,2,1,3.983415484514e-03,0.62983329,0.62665707
25000,2,2,1.189649814966e-02,1.88100152,1.87997121
25000,2,3,1.972989974846e-02,3.11957106,3.13328534
