n,c,alpha,trials,seed,gap0,gap1,gap2,single,sparse
100,0,1.5,4000000,2026100301,231880,421204,369218,40008,596491
100,0,2,4000000,2026100301,231880,421204,369218,40008,918447
100,0,3,4000000,2026100301,231880,421204,369218,40008,1323593
100,1,1.5,4000000,2026100301,250608,450715,389399,37760,632702
100,1,2,4000000,2026100301,250608,450715,389399,37760,967772
100,1,3,4000000,2026100301,250608,450715,389399,37760,1380209
100,2,1.5,4000000,2026100301,272103,483103,410674,38828,671405
100,2,2,4000000,2026100301,272103,483103,410674,38828,1020042
100,2,3,4000000,2026100301,272103,483103,410674,38828,1438054
250,0,1.5,4000000,2026100302,150571,283343,259892,15877,415203
250,0,2,4000000,2026100302,150571,283343,259892,15877,654873
250,0,3,4000000,2026100302,150571,283343,259892,15877,985498
250,1,1.5,4000000,2026100302,158323,296338,270366,14800,432536
250,1,2,4000000,2026100302,158323,296338,270366,14800,680157
250,1,3,4000000,2026100302,158323,296338,270366,14800,1018135
250,2,1.5,4000000,2026100302,166700,310352,281431,14840,451146
250,2,2,4000000,2026100302,166700,310352,281431,14840,707020
250,2,3,4000000,2026100302,166700,310352,281431,14840,1052038
1000,0,1.5,2000000,2026100303,38691,74796,71586,2090,112814
1000,0,2,2000000,2026100303,38691,74796,71586,2090,183041
1000,0,3,2000000,2026100303,38691,74796,71586,2090,289193
1000,1,1.5,2000000,2026100303,39679,76582,73188,1874,115404
1000,1,2,2000000,2026100303,39679,76582,73188,1874,187018
1000,1,3,2000000,2026100303,39679,76582,73188,1874,294992
1000,2,1.5,2000000,2026100303,40714,78492,74828,1805,118121
1000,2,2,2000000,2026100303,40714,78492,74828,1805,191219
1000,2,3,2000000,2026100303,40714,78492,74828,1805,300934
2500,0,1.5,1000000,2026100304,12435,24218,23456,389,36921
2500,0,2,1000000,2026100304,12435,24218,23456,389,60558
2500,0,3,1000000,2026100304,12435,24218,23456,389,97871
2500,1,1.5,1000000,2026100304,12628,24620,23774,323,37499
2500,1,2,1000000,2026100304,12628,24620,23774,323,61466
2500,1,3,1000000,2026100304,12628,24620,23774,323,99239
2500,2,1.5,1000000,2026100304,12834,25007,24150,341,38059
2500,2,2,1000000,2026100304,12834,25007,24150,341,62378
2500,2,3,1000000,2026100304,12834,25007,24150,341,100587
10000,0,1.5,400000,2026100305,2491,4902,4881,37,7595
10000,0,2,400000,2026100305,2491,4902,4881,37,12502
10000,0,3,400000,2026100305,2491,4902,4881,37,20669
10000,1,1.5,400000,2026100305,2511,4932,4910,43,7637
10000,1,2,400000,2026100305,2511,4932,4910,43,12588
10000,1,3,400000,2026100305,2511,4932,4910,43,20809
10000,2,1.5,400000,2026100305,2530,4964,4944,37,7691
10000,2,2,400000,2026100305,2530,4964,4944,37,12675
10000,2,3,400000,2026100305,2530,4964,4944,37,20949
25000,0,1.5,200000,2026100306,748,1524,1563,6,2368
25000,0,2,200000,2026100306,748,1524,1563,6,4014
25000,0,3,200000,2026100306,748,1524,1563,6,6649
25000,1,1.5,200000,2026100306,751,1534,1567,8,2382
25000,1,2,200000,2026100306,751,1534,1567,8,4030
25000,1,3,200000,2026100306,751,1534,1567,8,6680
25000,2,1.5,200000,2026100306,756,1538,1571,9,2387
25000,2,2,200000,2026100306,756,1538,1571,9,4045
25000,2,3,200000,2026100306,756,1538,1571,9,6704
